{
  "alpha": "1e-2",
  "attention_heads": 4,
  "batch_size": 64,
  "convolution_layer": "GCN",
  "dataset": "NCI1",
  "deterministic_algorithms": false,
  "global_pooling_layer": "max",
  "local_pooling_layer": null,
  "lr": 0.005,
  "max_epochs": 200,
  "patience": 20,
  "split 1": {
    "train_losses": [
      0.6803162143780634,
      0.6542056875351148,
      0.6475556202423878,
      0.6431489953627954,
      0.6659248425410345,
      0.6336956742482308,
      0.6260832869089566,
      0.6228998486812298,
      0.6293657269233313,
      0.6173586142368805,
      0.6158930857976278,
      0.6279252293782357,
      0.6305098151549314,
      0.6630317874443836,
      0.637534424280509,
      0.6369360135151789,
      0.6468919974107009,
      0.6595286864500779,
      0.6156148345042498,
      0.6011412602204543,
      0.6220010473177984,
      0.6611254138824267,
      0.6342809291986319,
      0.6833899968709701,
      0.6171898811291425,
      0.6304408174294692,
      0.6301780740420023,
      0.6384417445231707,
      0.661215406197768,
      0.6411615931070768,
      0.6214500253017132
    ],
    "val_losses": [
      0.6823021035927993,
      0.6613583977405841,
      0.6524099615904001,
      0.6403290262589088,
      0.6570700407028198,
      0.6481427183518043,
      0.6377194569661067,
      0.6360271206268897,
      0.6378523707389832,
      0.6394995680222144,
      0.63227523290194,
      0.638078721670004,
      0.6443254580864539,
      0.6686700353255639,
      0.6461723355146555,
      0.6532810788888198,
      0.6523386102456313,
      0.6593863230485183,
      0.6421001461836008,
      0.6297458822910602,
      0.6380181266711309,
      0.6663011220785288,
      0.6497756059353168,
      0.6875979900360107,
      0.6417624079264127,
      0.6461202639799851,
      0.6466346979141235,
      0.6490478744873633,
      0.6674415515019343,
      0.6600347115443304,
      0.6381416137401874
    ],
    "train_accuracies": [
      0.5677210056772101,
      0.6155717761557178,
      0.6403081914030819,
      0.6565287915652879,
      0.5555555555555556,
      0.6634225466342255,
      0.6646390916463909,
      0.6630170316301703,
      0.6399026763990268,
      0.686536901865369,
      0.6686942416869425,
      0.6200324412003244,
      0.6046228710462287,
      0.5527169505271695,
      0.5819140308191403,
      0.597323600973236,
      0.5750202757502028,
      0.5547445255474452,
      0.6338199513381995,
      0.656934306569343,
      0.5985401459854015,
      0.5551500405515004,
      0.6180048661800487,
      0.537712895377129,
      0.6411192214111923,
      0.5847526358475263,
      0.6192214111922141,
      0.5750202757502028,
      0.564882400648824,
      0.5997566909975669,
      0.6204379562043796
    ],
    "val_accuracies": [
      0.5559610705596107,
      0.597323600973236,
      0.6593673965936739,
      0.670316301703163,
      0.5827250608272506,
      0.6605839416058394,
      0.6642335766423357,
      0.6654501216545012,
      0.6435523114355232,
      0.6763990267639902,
      0.6678832116788321,
      0.6447688564476886,
      0.6240875912408759,
      0.5802919708029197,
      0.6094890510948905,
      0.610705596107056,
      0.5997566909975669,
      0.5851581508515815,
      0.6435523114355232,
      0.6642335766423357,
      0.6180048661800487,
      0.583941605839416,
      0.6228710462287105,
      0.5693430656934306,
      0.6362530413625304,
      0.6009732360097324,
      0.6240875912408759,
      0.5888077858880778,
      0.5851581508515815,
      0.6204379562043796,
      0.6265206812652068
    ],
    "test_accuracy": 0.6423357664233577,
    "last_epoch": 31,
    "train_time_per_epoch": 0.8456976336817588
  },
  "split 2": {
    "train_losses": [
      0.6789019306500753,
      0.662003605793684,
      0.6503594884505639,
      0.6428020458955032,
      0.651455799738566,
      0.6426710058481265,
      0.6364154403026288,
      0.6270956381773337,
      0.626135528087616,
      0.6284000827715948,
      0.6532454658777286,
      0.62350872082588,
      0.6332138868478628,
      0.6300521003894317,
      0.6382372577985128,
      0.622549865490351,
      0.6519778294441028,
      0.6324069316570575,
      0.6401234972171295,
      0.6369300133142716,
      0.6525147496125637,
      0.6737236166611696,
      0.6940032549393482,
      0.6482037137716244,
      0.6438486866461925
    ],
    "val_losses": [
      0.6826393329180204,
      0.6669471951631399,
      0.652582008105058,
      0.6452478353793805,
      0.6540383650706365,
      0.6483719027959384,
      0.6490605794466459,
      0.637951543697944,
      0.6477413039941055,
      0.6473411642588102,
      0.6631156618778522,
      0.6429213881492615,
      0.647811486170842,
      0.6445646606958829,
      0.6481671379162715,
      0.6392330389756423,
      0.6582721609335679,
      0.6437654816187345,
      0.6481795448523301,
      0.6473595729241004,
      0.6630222155497625,
      0.6798650393119225,
      0.6951747444959787,
      0.6532906385568472,
      0.6559737645662748
    ],
    "train_accuracies": [
      0.5823195458231955,
      0.637875101378751,
      0.6536901865369019,
      0.6480129764801298,
      0.5985401459854015,
      0.6123276561232766,
      0.6135442011354421,
      0.6634225466342255,
      0.656934306569343,
      0.6269261962692619,
      0.5681265206812652,
      0.6423357664233577,
      0.6062449310624494,
      0.6021897810218978,
      0.6135442011354421,
      0.6354420113544201,
      0.5579886455798865,
      0.635036496350365,
      0.5750202757502028,
      0.5879967558799676,
      0.5636658556366586,
      0.5587996755879967,
      0.5389294403892944,
      0.5705596107055961,
      0.5656934306569343
    ],
    "val_accuracies": [
      0.5498783454987834,
      0.6253041362530414,
      0.6557177615571776,
      0.6605839416058394,
      0.583941605839416,
      0.6155717761557178,
      0.6046228710462287,
      0.6520681265206812,
      0.6374695863746959,
      0.6082725060827251,
      0.5644768856447688,
      0.6386861313868614,
      0.6034063260340633,
      0.610705596107056,
      0.6253041362530414,
      0.6228710462287105,
      0.572992700729927,
      0.6374695863746959,
      0.5693430656934306,
      0.5766423357664233,
      0.5644768856447688,
      0.5656934306569343,
      0.5583941605839416,
      0.5693430656934306,
      0.5681265206812652
    ],
    "test_accuracy": 0.6630170316301703,
    "last_epoch": 25,
    "train_time_per_epoch": 0.817324628829956
  },
  "split 3": {
    "train_losses": [
      0.679222149726672,
      0.6582612043771988,
      0.639482577641805,
      0.6368887577301416,
      0.6283541260621487,
      0.6405244118128067,
      0.635753197547717,
      0.6526434283990127,
      0.6291896960674188,
      0.6382017059203906,
      0.615130297648601,
      0.6258559440955137,
      0.6201738363657242,
      0.6417912688010778,
      0.6516367961198856,
      0.6241197387377421,
      0.6316831631538196,
      0.6281547026756482,
      0.6017966301013262,
      0.629379622447185,
      0.6829020457390027,
      0.6290333301593096,
      0.6266126724389883,
      0.6236832264142159,
      0.6088084333982223,
      0.6710723959482633,
      0.6491480622536097,
      0.6235630374688369,
      0.6798446361835186,
      0.6348610795461215,
      0.6032840013504028,
      0.6911390882271987,
      0.6775909815079126,
      0.6225280226805271,
      0.6642000400103055,
      0.6409495625740442,
      0.6332615751486558,
      0.6674777743143913,
      0.613736615731166,
      0.6537848711013794
    ],