{
  "alpha": "1e-2",
  "attention_heads": 4,
  "batch_size": 64,
  "convolution_layer": "GAT",
  "dataset": "NCI1",
  "deterministic_algorithms": false,
  "global_pooling_layer": "max",
  "local_pooling_layer": null,
  "lr": 0.005,
  "max_epochs": 200,
  "patience": 20,
  "split 1": {
    "train_losses": [
      0.7727488737839919,
      0.6725876209063407,
      0.717499295870463,
      0.6323496821599129,
      0.6458645906203833,
      0.6745234575027075,
      0.6459912260373434,
      0.6303578401223208,
      0.6358199608631623,
      0.6092101014577426,
      0.7038223835138174,
      0.6097624011528797,
      0.5988715107624347,
      0.6230154083325312,
      0.5957238383782215,
      0.6085855899712979,
      0.5837467671968998,
      0.5984479112502856,
      0.5915454213435833,
      0.7113561018919333,
      0.6133145705247537,
      0.6886093540069385,
      0.5976354968853486,
      0.6941810158582834,
      0.7233754213039691,
      0.7754206749109122,
      0.6462519199420245,
      0.6133144742403275,
      0.6270017379369491,
      0.6721091805360256,
      0.6664989086297842,
      0.6050416445120786,
      0.653242473418896
    ],
    "val_losses": [
      0.8123358488082886,
      0.6887422983462994,
      0.7281857499709496,
      0.6478279783175542,
      0.6486990451812744,
      0.6586833596229553,
      0.6408393107927762,
      0.6275196625636175,
      0.6462050355397738,
      0.618843858058636,
      0.6915671275212214,
      0.6101593466905447,
      0.6114738996212299,
      0.6102493176093469,
      0.6094182546322162,
      0.6423756388517526,
      0.6020495020426236,
      0.6172376779409555,
      0.605456136740171,
      0.691149367735936,
      0.6048717131981483,
      0.6715482198275052,
      0.5953655059521015,
      0.6727452140588027,
      0.6945626964935889,
      0.745445191860199,
      0.6662270472599909,
      0.6358841749338003,
      0.6387551060089698,
      0.7028219241362351,
      0.6538402529863211,
      0.6033499699372512,
      0.6804495041186993
    ],
    "train_accuracies": [
      0.5117599351175993,
      0.5693430656934306,
      0.6050283860502839,
      0.6435523114355232,
      0.621654501216545,
      0.5446066504460665,
      0.6532846715328468,
      0.6626115166261152,
      0.6463909164639091,
      0.6889699918896999,
      0.5705596107055961,
      0.6841038118410381,
      0.7003244120032441,
      0.6695052716950527,
      0.6966747769667477,
      0.7112733171127331,
      0.699918896999189,
      0.6861313868613139,
      0.7076236820762368,
      0.5644768856447688,
      0.66220600162206,
      0.5583941605839416,
      0.6841038118410381,
      0.5287915652879156,
      0.5320356853203568,
      0.49878345498783455,
      0.6232765612327656,
      0.6678832116788321,
      0.6686942416869425,
      0.5717761557177615,
      0.6066504460665044,
      0.6991078669910786,
      0.5997566909975669
    ],
    "val_accuracies": [
      0.46715328467153283,
      0.5328467153284672,
      0.6228710462287105,
      0.6508515815085159,
      0.6386861313868614,
      0.5790754257907542,
      0.6532846715328468,
      0.6751824817518248,
      0.6362530413625304,
      0.6885644768856448,
      0.6021897810218978,
      0.7055961070559611,
      0.7007299270072993,
      0.7007299270072993,
      0.7043795620437956,
      0.6739659367396593,
      0.6995133819951338,
      0.6520681265206812,
      0.7043795620437956,
      0.5851581508515815,
      0.6849148418491484,
      0.5815085158150851,
      0.6958637469586375,
      0.5632603406326034,
      0.5644768856447688,
      0.5401459854014599,
      0.6082725060827251,
      0.6447688564476886,
      0.6532846715328468,
      0.5255474452554745,
      0.6204379562043796,
      0.6909975669099757,
      0.5827250608272506
    ],
    "test_accuracy": 0.656934306569343,
    "last_epoch": 33,
    "train_time_per_epoch": 2.256299871386904
  },
  "split 2": {
    "train_losses": [
      0.7667111998949295,
      0.6478808079010401,
      0.6881382511212275,
      0.6545491310266348,
      0.6513834672096448,
      0.6169776320457458,
      0.7227315597045116,
      0.6740424908124484,
      0.6286990275749793,
      0.6142865358254849,
      0.6382510692645342,
      0.6145303188226162,
      0.72508388146376,
      0.6248903992848519,
      0.6036081329370157,
      0.6346431374549866,
      0.5605398171987289,
      0.7073596333846067,
      0.7137150137852399,
      0.6278293453730069,
      0.6621535833065326,
      0.5970399203972939,
      0.6129571413382505,
      0.601460242882753,
      0.6548532125277396,
      0.6338891631517655,
      0.5966109740428436,
      0.7570580060665424,
      0.7782754714672382,
      0.5890746575135452,
      0.6104458876145191,
      0.7014312927539532,
      0.7984529427992992
    ],
    "val_losses": [
      0.7941625118255615,
      0.6662632272793696,
      0.7136102914810181,
      0.6656926045050988,
      0.6721725738965548,
      0.6480971299684964,
      0.7768473441784198,
      0.6704961886772742,
      0.645448272044842,
      0.6511655724965609,
      0.64162055345682,
      0.628035306930542,
      0.7175574990419241,
      0.6347701457830576,
      0.6395176419844995,
      0.6500392464491037,
      0.5999277600875268,
      0.7050628249461834,
      0.7030880313653213,
      0.6421286188639127,
      0.6569425830474267,
      0.6333761902955862,
      0.6157192817101111,
      0.6209995196415827,
      0.6575287718039292,
      0.6670530484272883,
      0.6142914341046259,
      0.7563644647598267,
      0.780940097111922,
      0.6185197142454294,
      0.6477264211728022,
      0.7181190664951618,
      0.7814348752682025
    ],
    "train_accuracies": [
      0.5141930251419302,
      0.6447688564476886,
      0.5620437956204379,
      0.6248986212489862,
      0.6281427412814274,
      0.6759935117599352,
      0.5786699107866992,
      0.5486618004866181,
      0.6536901865369019,
      0.6796431467964315,
      0.6167883211678832,
      0.6873479318734793,
      0.540551500405515,
      0.6472019464720195,
      0.6800486618004866,
      0.6447688564476886,
      0.7226277372262774,
      0.5129764801297648,
      0.5600162206001622,
      0.6326034063260341,
      0.5713706407137064,
      0.6873479318734793,
      0.6662611516626115,
      0.6804541768045418,
      0.5932684509326845,
      0.6289537712895377,
      0.694647201946472,
      0.5340632603406326,
      0.5328467153284672,
      0.6772100567721006,
      0.6536901865369019,
      0.589213300892133,
      0.5170316301703163
    ],
    "val_accuracies": [
      0.48905109489051096,
      0.597323600973236,
      0.5316301703163017,
      0.6180048661800487,
      0.5717761557177615,
      0.6289537712895377,
      0.5364963503649635,
      0.572992700729927,
      0.6678832116788321,
      0.6326034063260341,
      0.6374695863746959,
      0.681265206812652,
      0.5559610705596107,
      0.6557177615571776,
      0.6532846715328468,
      0.6399026763990268,
      0.6800486618004866,
      0.5352798053527981,
      0.5851581508515815,
      0.6411192214111923,
      0.5912408759124088,
      0.6605839416058394,
      0.656934306569343,
      0.6727493917274939,
      0.6034063260340633,
      0.572992700729927,
      0.670316301703163,
      0.5498783454987834,
      0.551094890510949,
      0.6240875912408759,
      0.6058394160583942,
      0.5924574209245742,
      0.5437956204379562
    ],
    "test_accuracy": 0.6508515815085159,
    "last_epoch": 33,
    "train_time_per_epoch": 2.2355779734524814
  },